{"cameraMode":{"drawMode":0,"name":"Shaded","section":"Shading Mode"},"sceneLighting":false,"audioPlay":false,"sceneViewState":{"m_AlwaysRefresh":false,"showFog":true,"showSkybox":false,"showFlares":true,"showImageEffects":true,"showParticleSystems":true,"showVisualEffectGraphs":true,"m_FxEnabled":true},"in2DMode":false,"pivot":{"x":-1.8385705947875977,"y":3.786698341369629,"z":-0.40166282653808596},"rotation":{"x":0.01756015419960022,"y":0.979956865310669,"z":-0.17105185985565186,"w":0.10060156881809235},"size":10.726934432983399,"orthographic":false}